entry_idx,exit_idx,entry_time,exit_time,entry_price,lot1_exit_price,lot2_exit_price,lot1_size,lot2_size,lot1_pnl,lot2_pnl,total_pnl,win,lot1_exit_reason,lot2_exit_reason,minutes_held,sma_value,volume_ratio,inside_bar_range,prev_bar_range,positive_move_after_159min,negative_move_after_159min,risk_reward,bar_ratio
302,461,2026-02-26 07:01:00+05:30,2026-02-26 09:40:00+05:30,68285.0,68287.5,68528.5,0.35,0.35,0.875,85.225,86.1,True,take_profit_250pips,time_exit_159min,159,68304.8469387755,0,52.5,87.0,0.8244856117741818,-0.36977374240316324,1.0,0.6034413397547155
523,682,2026-02-26 10:42:00+05:30,2026-02-26 13:21:00+05:30,68268.0,68270.5,67815.0,0.35,0.35,0.875,-158.54999999999998,-157.67499999999998,False,take_profit_250pips,time_exit_159min,159,68256.77295918367,0,63.0,118.0,0.6269408800609363,-0.738999238296127,1.0,0.5338937805611816
1076,1235,2026-02-26 19:55:00+05:30,2026-02-26 22:34:00+05:30,68091.0,68093.5,66881.5,0.35,0.35,0.875,-423.325,-422.45,False,take_profit_250pips,time_exit_159min,159,68080.51785714286,0,45.5,72.5,-0.3208940976046761,-2.270490960626221,1.0,0.6275775506544737
1463,1622,2026-02-27 02:22:00+05:30,2026-02-27 05:01:00+05:30,67308.0,67310.5,67517.5,0.35,0.35,0.875,73.32499999999999,74.19999999999999,True,take_profit_250pips,time_exit_159min,159,67291.92346938775,0,53.0,69.0,0.4717121293159802,-0.6804540322101384,1.0,0.7681048100752162
1652,1811,2026-02-27 05:31:00+05:30,2026-02-27 08:10:00+05:30,67439.5,67442.0,67424.5,0.35,0.35,0.875,-5.25,-4.375,False,take_profit_250pips,time_exit_159min,159,67434.71683673469,0,34.5,44.0,1.11655632085054,-0.5656922130205592,1.0,0.7840730892479717
2042,2201,2026-02-27 12:01:00+05:30,2026-02-27 14:40:00+05:30,67608.5,67611.0,67932.5,0.35,0.35,0.875,113.39999999999999,114.27499999999999,True,take_profit_250pips,time_exit_159min,159,67654.51275510204,0,76.0,108.5,0.773571370463773,-2.4826759948823005,1.0,0.7004543736924084
2487,2646,2026-02-27 19:26:00+05:30,2026-02-27 22:05:00+05:30,66191.5,66194.0,65925.0,0.35,0.35,0.875,-93.27499999999999,-92.39999999999999,False,take_profit_250pips,time_exit_159min,159,66159.4413265306,0,64.5,75.5,-0.2606074798123626,-1.6558017268078227,1.0,0.8542933206182699
3032,3191,2026-02-28 04:31:00+05:30,2026-02-28 07:10:00+05:30,65544.0,65546.5,65795.0,0.35,0.35,0.875,87.85,88.725,True,take_profit_250pips,time_exit_159min,159,65526.0943877551,0,19.0,89.0,0.6987672403271086,0.17240327108507264,1.0,0.2134807474073325
3282,3441,2026-02-28 08:41:00+05:30,2026-02-28 11:20:00+05:30,65873.5,65876.0,65487.0,0.35,0.35,0.875,-135.27499999999998,-134.39999999999998,False,take_profit_250pips,time_exit_159min,159,65866.875,0,11.0,24.0,-0.4637676759243095,-4.377329275049906,1.0,0.4583142369067955
3662,3821,2026-02-28 15:01:00+05:30,2026-02-28 17:40:00+05:30,63784.5,63787.0,63889.0,0.35,0.35,0.875,36.574999999999996,37.449999999999996,True,take_profit_250pips,time_exit_159min,159,63753.38775510204,0,46.5,89.0,2.437112464626986,0.007055005526420997,1.0,0.522466039707419
4003,4162,2026-02-28 20:42:00+05:30,2026-02-28 23:21:00+05:30,64306.5,64309.0,65095.5,0.35,0.35,0.875,276.15,277.025,True,take_profit_250pips,time_exit_159min,159,64291.90306122449,0,61.5,151.0,4.2165255456291355,1.2051658852526572,1.0,0.40728207097966235
4538,4697,2026-03-01 05:37:00+05:30,2026-03-01 08:16:00+05:30,66870.5,66873.0,68116.5,0.35,0.35,0.875,436.09999999999997,436.97499999999997,True,take_profit_250pips,time_exit_159min,159,66886.13265306123,0,60.5,149.0,1.9074180692532583,0.2796449854569653,1.0,0.4060375433721921
5255,5414,2026-03-01 17:34:00+05:30,2026-03-01 20:13:00+05:30,66460.0,66462.5,66778.5,0.35,0.35,0.875,111.475,112.35,True,take_profit_250pips,time_exit_159min,159,66483.73724489796,0,35.0,51.0,1.1518206439963887,-1.142792657237436,1.0,0.6862610537048294
5857,6016,2026-03-02 03:36:00+05:30,2026-03-02 06:15:00+05:30,65670.5,65673.0,66622.5,0.35,0.35,0.875,333.2,334.075,True,take_profit_250pips,time_exit_159min,159,65674.69642857143,0,25.5,56.5,2.140991769515993,0.2801866896094898,1.0,0.45131944567352794
6098,6257,2026-03-02 07:37:00+05:30,2026-03-02 10:16:00+05:30,66129.5,66132.0,66684.0,0.35,0.35,0.875,194.075,194.95,True,take_profit_250pips,time_exit_159min,159,66118.76275510204,0,102.5,419.5,1.2702349178505812,-0.9194081310156585,1.0,0.2443379157618218
6331,6490,2026-03-02 11:30:00+05:30,2026-03-02 14:09:00+05:30,66673.0,65897.0,65897.0,0.35,0.35,-271.59999999999997,-271.59999999999997,-543.1999999999999,False,time_exit_159min,time_exit_159min,159,66683.67857142857,0,46.0,89.5,0.03599658032486914,-1.2703793139651733,1.0,0.5139607378688505
6656,6815,2026-03-02 16:55:00+05:30,2026-03-02 19:34:00+05:30,66123.0,66125.5,65391.0,0.35,0.35,0.875,-256.2,-255.325,False,take_profit_250pips,time_exit_159min,159,66173.49489795919,0,75.0,182.0,5.47540190251501,-1.326316107859595,1.0,0.41208564788105556
7084,7243,2026-03-03 00:03:00+05:30,2026-03-03 02:42:00+05:30,69172.0,69174.5,69106.5,0.35,0.35,0.875,-22.924999999999997,-22.049999999999997,False,take_profit_250pips,time_exit_159min,159,69209.08673469388,0,85.0,149.5,0.4821314982941074,-0.6729601572890765,1.0,0.5685580698456867
7369,7528,2026-03-03 04:48:00+05:30,2026-03-03 07:27:00+05:30,69196.5,69199.0,68788.5,0.35,0.35,0.875,-142.79999999999998,-141.92499999999998,False,take_profit_250pips,time_exit_159min,159,69220.0306122449,0,45.5,64.0,-0.552773622943357,-1.50513393018433,1.0,0.7109263917751285
7868,8027,2026-03-03 13:07:00+05:30,2026-03-03 15:46:00+05:30,68080.5,68083.0,66425.5,0.35,0.35,0.875,-579.25,-578.375,False,take_profit_250pips,time_exit_159min,159,68084.8086734694,0,29.0,58.5,-0.15422918456826845,-2.4588538568312512,1.0,0.4957180219141553
8256,8415,2026-03-03 19:35:00+05:30,2026-03-03 22:14:00+05:30,67112.5,67115.0,67710.5,0.35,0.35,0.875,209.29999999999998,210.17499999999998,True,take_profit_250pips,time_exit_159min,159,67097.11734693877,0,103.5,171.5,2.647792885081021,0.5714285714285714,1.0,0.6034950233526335
8619,8778,2026-03-04 01:38:00+05:30,2026-03-04 04:17:00+05:30,68366.5,68369.0,68292.0,0.35,0.35,0.875,-26.075,-25.2,False,take_profit_250pips,time_exit_159min,159,68356.67091836735,0,90.0,123.5,0.675038213159954,-0.7810843029846489,1.0,0.7287390385502951
10065,10224,2026-03-05 01:44:00+05:30,2026-03-05 04:23:00+05:30,73399.5,73402.0,72666.5,0.35,0.35,0.875,-256.55,-255.675,False,take_profit_250pips,time_exit_159min,159,73408.61989795919,0,37.5,51.5,-0.13555950653614807,-1.5197651210158107,1.0,0.7281412011417254
10333,10492,2026-03-05 06:12:00+05:30,2026-03-05 08:51:00+05:30,72909.0,72911.5,72559.5,0.35,0.35,0.875,-122.32499999999999,-121.44999999999999,False,take_profit_250pips,time_exit_159min,159,72901.32908163265,0,51.0,144.0,0.21739428602778804,-0.9292405601503243,1.0,0.35416420719300556
10537,10696,2026-03-05 09:36:00+05:30,2026-03-05 12:15:00+05:30,72548.0,72550.5,72402.5,0.35,0.35,0.875,-50.925,-50.05,False,take_profit_250pips,time_exit_159min,159,72619.02040816327,0,101.5,127.5,0.2901527264707504,-1.1268401609968572,1.0,0.7960721876691162
10700,10859,2026-03-05 12:19:00+05:30,2026-03-05 14:58:00+05:30,72536.0,72538.5,72654.5,0.35,0.35,0.875,41.474999999999994,42.349999999999994,True,take_profit_250pips,time_exit_159min,159,72511.0637755102,0,89.5,109.0,1.3738005955663395,-0.19576486158597112,1.0,0.8210933844643626
11019,11178,2026-03-05 17:38:00+05:30,2026-03-05 20:17:00+05:30,72900.0,72902.5,72190.0,0.35,0.35,0.875,-248.49999999999997,-247.62499999999997,False,take_profit_250pips,time_exit_159min,159,72837.03826530612,0,67.5,117.5,-0.21193415637860083,-2.9314128943758573,1.0,0.5744631960579059
11190,11349,2026-03-05 20:29:00+05:30,2026-03-05 23:08:00+05:30,72582.5,72585.0,70801.5,0.35,0.35,0.875,-623.3499999999999,-622.4749999999999,False,take_profit_250pips,time_exit_159min,159,72620.69897959183,0,74.0,281.5,-1.6154031619191953,-2.7045086625564014,1.0,0.2628765084315864
11476,11635,2026-03-06 01:15:00+05:30,2026-03-06 03:54:00+05:30,71030.0,71032.5,71265.5,0.35,0.35,0.875,82.425,83.3,True,take_profit_250pips,time_exit_159min,159,71025.09183673469,0,54.5,108.5,0.44347458820216806,-0.3984232014641701,1.0,0.5022995179767928
11928,12087,2026-03-06 08:47:00+05:30,2026-03-06 11:26:00+05:30,71026.5,71029.0,70379.5,0.3500000000000001,0.3500000000000001,0.8750000000000002,-226.45000000000005,-225.57500000000005,False,take_profit_250pips,time_exit_159min,159,71027.17602040817,0,33.0,74.0,0.19851745475280352,-1.12493224359922,1.0,0.4459399197308144
12135,12294,2026-03-06 12:14:00+05:30,2026-03-06 14:53:00+05:30,70633.5,70636.0,70498.0,0.3500000000000001,0.3500000000000001,0.8750000000000002,-47.42500000000001,-46.55000000000001,False,take_profit_250pips,time_exit_159min,159,70614.4693877551,0,44.0,94.5,0.20174563061436854,-0.7935328137498495,1.0,0.46560353858689324
12428,12587,2026-03-06 17:07:00+05:30,2026-03-06 19:46:00+05:30,70566.5,70569.0,68741.5,0.35,0.35,0.875,-638.75,-637.875,False,take_profit_250pips,time_exit_159min,159,70599.55102040817,0,49.5,110.0,-2.102272324686643,-3.4478116386670727,1.0,0.44999590912809884
12852,13011,2026-03-07 00:11:00+05:30,2026-03-07 02:50:00+05:30,68389.5,68392.0,68094.5,0.35,0.35,0.875,-103.25,-102.375,False,take_profit_250pips,time_exit_159min,159,68377.72448979592,0,34.0,48.0,0.03582421278120179,-0.7164842556240358,1.0,0.7083185766963188
13152,13311,2026-03-07 05:11:00+05:30,2026-03-07 07:50:00+05:30,68181.0,68183.5,68207.5,0.35,0.35,0.875,9.274999999999999,10.149999999999999,True,take_profit_250pips,time_exit_159min,159,68184.70153061225,0,18.0,28.5,0.5118728091403764,-0.5881403910180255,1.0,0.631556787481141
13923,14082,2026-03-07 18:02:00+05:30,2026-03-07 20:41:00+05:30,67985.0,67987.5,67916.0,0.35,0.35,0.875,-24.15,-23.275,False,take_profit_250pips,time_exit_159min,159,67985.99744897959,0,29.5,41.0,0.03236007942928587,-0.4596602191659925,1.0,0.7194946464720373
14511,14670,2026-03-08 03:50:00+05:30,2026-03-08 06:29:00+05:30,67310.0,67312.5,67168.0,0.35,0.35,0.875,-49.699999999999996,-48.824999999999996,False,take_profit_250pips,time_exit_159min,159,67314.61989795919,0,18.0,34.5,0.14410934482246324,-0.7517456544347051,1.0,0.5217240079997681
14688,14847,2026-03-08 06:47:00+05:30,2026-03-08 09:26:00+05:30,67288.0,67290.5,67031.0,0.35,0.35,0.875,-89.94999999999999,-89.07499999999999,False,take_profit_250pips,time_exit_159min,159,67287.23979591837,0,7.0,41.0,-0.09214124360955891,-1.1465640233028178,1.0,0.17072754323065292
14929,15088,2026-03-08 10:48:00+05:30,2026-03-08 13:27:00+05:30,67008.5,67011.0,67251.5,0.35,0.35,0.875,85.05,85.925,True,take_profit_250pips,time_exit_159min,159,67004.5,0,43.0,56.0,1.7423162733086102,0.17684323630584178,1.0,0.767843431367297
15516,15675,2026-03-08 20:35:00+05:30,2026-03-08 23:14:00+05:30,67231.0,67233.5,67028.0,0.35,0.35,0.875,-71.05,-70.175,False,take_profit_250pips,time_exit_159min,159,67236.24744897959,0,92.0,141.5,0.32574258898424835,-0.7570912227990064,1.0,0.6501720835895153
15836,15995,2026-03-09 01:55:00+05:30,2026-03-09 04:34:00+05:30,67029.5,67032.0,66357.0,0.35,0.35,0.875,-235.37499999999997,-234.49999999999997,False,take_profit_250pips,time_exit_159min,159,67037.08928571429,0,26.0,63.0,-0.4363750289051835,-1.8641046106565018,1.0,0.412691862033936
16514,16673,2026-03-09 13:13:00+05:30,2026-03-09 15:52:00+05:30,67416.5,67419.0,67878.0,0.35,0.35,0.875,161.52499999999998,162.39999999999998,True,take_profit_250pips,time_exit_159min,159,67400.66581632652,0,29.0,108.0,1.3386930499210132,-0.16168148746968472,1.0,0.26851603225896054
16987,17146,2026-03-09 21:06:00+05:30,2026-03-09 23:45:00+05:30,68774.5,68777.0,68433.0,0.35,0.35,0.875,-119.52499999999999,-118.64999999999999,False,take_profit_250pips,time_exit_159min,159,68750.70918367348,0,67.0,178.5,1.0534427731208515,-0.6957520592661524,1.0,0.37534803726589766
17352,17511,2026-03-10 03:11:00+05:30,2026-03-10 05:50:00+05:30,68883.5,68886.0,68604.5,0.3500000000000001,0.3500000000000001,0.8750000000000002,-97.65000000000002,-96.77500000000002,False,take_profit_250pips,time_exit_159min,159,68810.54846938775,0,150.0,267.0,2.4374487359091797,-0.4195489485871072,1.0,0.5617956487054356
17724,17883,2026-03-10 09:23:00+05:30,2026-03-10 12:02:00+05:30,69444.5,69447.0,70050.0,0.35,0.35,0.875,211.92499999999998,212.79999999999998,True,take_profit_250pips,time_exit_159min,159,69511.25,0,108.5,155.0,2.321278142977486,0.5104795916163267,1.0,0.6999954839001038
17911,18070,2026-03-10 12:30:00+05:30,2026-03-10 15:09:00+05:30,69892.0,69894.5,71094.0,0.35,0.35,0.875,420.7,421.575,True,take_profit_250pips,time_exit_159min,159,69878.14030612246,0,38.5,91.0,1.8278200652435188,0.6209580495621816,1.0,0.4230722739310557
18372,18531,2026-03-10 20:11:00+05:30,2026-03-10 22:50:00+05:30,70396.0,70398.5,71205.5,0.35,0.35,0.875,283.325,284.2,True,take_profit_250pips,time_exit_159min,159,70308.26020408163,0,111.0,291.0,1.2699585203704755,-0.9965054832660947,1.0,0.381441988171862
18742,18901,2026-03-11 02:21:00+05:30,2026-03-11 05:00:00+05:30,70217.0,70219.5,69749.5,0.35,0.35,0.875,-163.625,-162.75,False,take_profit_250pips,time_exit_159min,159,70218.19387755102,0,18.5,64.0,-0.10752381901818649,-0.7163507412734808,1.0,0.2890579834690083
18903,19062,2026-03-11 05:02:00+05:30,2026-03-11 07:41:00+05:30,69850.0,69852.5,69990.5,0.35,0.35,0.875,49.175,50.05,True,take_profit_250pips,time_exit_159min,159,69857.75510204081,0,80.0,175.0,0.27773801002147464,-0.5554760200429493,1.0,0.4571402449128862
19076,19235,2026-03-11 07:55:00+05:30,2026-03-11 10:34:00+05:30,69897.5,69900.0,70097.0,0.35,0.35,0.875,69.82499999999999,70.69999999999999,True,take_profit_250pips,time_exit_159min,159,69929.02551020408,0,71.0,81.5,0.3004399298973497,-0.7553918237419078,1.0,0.8711549551539245
19310,19469,2026-03-11 11:49:00+05:30,2026-03-11 14:28:00+05:30,69730.5,69733.0,69584.5,0.35,0.35,0.875,-51.099999999999994,-50.224999999999994,False,take_profit_250pips,time_exit_159min,159,69728.13520408163,0,47.0,95.5,0.008604556112461548,-0.5356336180007314,1.0,0.49214144354509376
19520,19679,2026-03-11 15:19:00+05:30,2026-03-11 17:58:00+05:30,69637.5,69640.0,69359.5,0.35,0.35,0.875,-97.3,-96.425,False,take_profit_250pips,time_exit_159min,159,69653.99489795919,0,60.0,108.0,2.0549273021001615,-0.7431340872374798,1.0,0.5555504115702632
19682,19841,2026-03-11 18:01:00+05:30,2026-03-11 20:40:00+05:30,69494.0,69496.5,70316.0,0.35,0.35,0.875,287.7,288.575,True,take_profit_250pips,time_exit_159min,159,69448.96173469388,0,129.0,346.5,2.5894321811954986,0.18778599591331627,1.0,0.3722932978548403
19912,20071,2026-03-11 21:51:00+05:30,2026-03-12 00:30:00+05:30,70325.0,70327.5,70582.5,0.35,0.35,0.875,90.125,91.0,True,take_profit_250pips,time_exit_159min,159,70286.07397959183,0,71.5,116.0,0.5958051901884109,0.022751510842516885,1.0,0.6163739967758899
20620,20779,2026-03-12 09:39:00+05:30,2026-03-12 12:18:00+05:30,69610.5,69613.0,69433.5,0.35,0.35,0.875,-61.949999999999996,-61.074999999999996,False,take_profit_250pips,time_exit_159min,159,69619.38010204081,0,41.0,65.5,0.6859597330862441,-0.33543790089138853,1.0,0.6259446420665333
20928,21087,2026-03-12 14:47:00+05:30,2026-03-12 17:26:00+05:30,69624.0,69626.5,70408.5,0.35,0.35,0.875,274.575,275.45,True,take_profit_250pips,time_exit_159min,159,69630.60714285714,0,48.5,100.5,1.447058485579685,0.007181431690221763,1.0,0.48258226286305606
21222,21381,2026-03-12 19:41:00+05:30,2026-03-12 22:20:00+05:30,70325.5,70328.0,70444.0,0.35,0.35,0.875,41.474999999999994,42.349999999999994,True,take_profit_250pips,time_exit_159min,159,70322.38010204081,0,73.0,110.0,0.2595075754882653,-0.8460657940576319,1.0,0.6636303306333579
21447,21606,2026-03-12 23:26:00+05:30,2026-03-13 02:05:00+05:30,70148.5,70151.0,70214.0,0.35,0.35,0.875,22.924999999999997,23.799999999999997,True,take_profit_250pips,time_exit_159min,159,70137.04846938775,0,57.5,201.0,0.4376430002067043,-0.23378974603876063,1.0,0.28606822851627606
21609,21768,2026-03-13 02:08:00+05:30,2026-03-13 04:47:00+05:30,70164.0,70166.5,70464.5,0.35,0.35,0.875,105.175,106.05,True,take_profit_250pips,time_exit_159min,159,70164.99744897959,0,22.5,62.5,2.5981985063565363,0.264380594036828,1.0,0.3599942400921585
22052,22211,2026-03-13 09:31:00+05:30,2026-03-13 12:10:00+05:30,71386.5,71389.0,71303.5,0.35,0.35,0.875,-29.049999999999997,-28.174999999999997,False,take_profit_250pips,time_exit_159min,159,71359.70153061225,0,29.5,42.0,1.0793357287442304,-0.3004769809417747,1.0,0.702364229423109
22236,22395,2026-03-13 12:35:00+05:30,2026-03-13 15:14:00+05:30,71381.5,71384.0,71836.0,0.3500000000000001,0.3500000000000001,0.8750000000000002,159.07500000000005,159.95000000000005,True,take_profit_250pips,time_exit_159min,159,71367.88520408163,0,49.5,114.5,1.6404810770297626,0.5988946715885768,1.0,0.4323106348416171
22698,22857,2026-03-13 20:17:00+05:30,2026-03-13 22:56:00+05:30,72807.5,72810.0,71693.0,0.35,0.35,0.875,-390.075,-389.2,False,take_profit_250pips,time_exit_159min,159,72846.47448979592,0,137.0,270.0,-1.4449060879717064,-2.7339216426879096,1.0,0.5074055281276737
23338,23497,2026-03-14 06:57:00+05:30,2026-03-14 09:36:00+05:30,70770.5,70773.0,71104.0,0.35,0.35,0.875,116.725,117.6,True,take_profit_250pips,time_exit_159min,159,70770.28316326531,0,3.5,11.5,0.7178132131325905,-0.702976522703669,1.0,0.3043213633597079
23912,24071,2026-03-14 16:31:00+05:30,2026-03-14 19:10:00+05:30,70541.0,70543.5,70828.5,0.35,0.35,0.875,100.625,101.5,True,take_profit_250pips,time_exit_159min,159,70550.63775510204,0,12.0,45.5,0.5308969251924412,-0.12404133766178535,1.0,0.2637304674622536
24268,24427,2026-03-14 22:27:00+05:30,2026-03-15 01:06:00+05:30,70653.0,70655.5,70627.5,0.35,0.35,0.875,-8.924999999999999,-8.049999999999999,False,take_profit_250pips,time_exit_159min,159,70653.4413265306,0,1.0,9.5,0.25264319986412465,-0.05449167055892885,1.0,0.1052520787285549
24531,24690,2026-03-15 02:50:00+05:30,2026-03-15 05:29:00+05:30,70665.0,70667.5,71182.0,0.35,0.35,0.875,180.95,181.825,True,take_profit_250pips,time_exit_159min,159,70662.39540816327,0,14.0,35.5,0.9863440175475836,0.22712799830184677,1.0,0.3943550885890539
24762,24921,2026-03-15 06:41:00+05:30,2026-03-15 09:20:00+05:30,70910.0,70912.5,71267.0,0.35,0.35,0.875,124.94999999999999,125.82499999999999,True,take_profit_250pips,time_exit_159min,159,70922.69897959183,0,57.0,99.0,1.1951769849104499,0.47313495980820763,1.0,0.5757517600832315
25049,25208,2026-03-15 11:28:00+05:30,2026-03-15 14:07:00+05:30,71457.5,71460.0,71498.0,0.35,0.35,0.875,14.174999999999999,15.049999999999999,True,take_profit_250pips,time_exit_159min,159,71461.41326530612,0,15.5,22.0,0.6283455200643739,0.030787531049924783,1.0,0.7045134312076723
25603,25762,2026-03-15 20:42:00+05:30,2026-03-15 23:21:00+05:30,71525.0,71527.5,71561.0,0.35,0.35,0.875,12.6,13.475,True,take_profit_250pips,time_exit_159min,159,71530.19642857143,0,11.0,29.0,0.6256553652569031,-0.3432366305487592,1.0,0.3792972656115306
25860,26019,2026-03-16 00:59:00+05:30,2026-03-16 03:38:00+05:30,71491.0,71493.5,71973.0,0.35,0.35,0.875,168.7,169.575,True,take_profit_250pips,time_exit_159min,159,71515.46428571429,0,28.5,32.0,2.3716271978290973,0.2755591612930299,1.0,0.8905971688384738
26240,26399,2026-03-16 07:19:00+05:30,2026-03-16 09:58:00+05:30,72601.5,72604.0,73606.5,0.35,0.35,0.875,351.75,352.625,True,take_profit_250pips,time_exit_159min,159,72601.8086734694,0,27.0,34.5,2.548156718525099,1.3167772015729702,1.0,0.7825860119996523
26520,26679,2026-03-16 11:59:00+05:30,2026-03-16 14:38:00+05:30,73691.0,73693.5,73071.5,0.35,0.35,0.875,-216.825,-215.95,False,take_profit_250pips,time_exit_159min,159,73698.5663265306,0,28.5,50.5,0.1621636292084515,-0.8874896527391405,1.0,0.5643452604898913
26735,26894,2026-03-16 15:34:00+05:30,2026-03-16 18:13:00+05:30,73377.5,73380.0,73791.0,0.35,0.35,0.875,144.725,145.6,True,take_profit_250pips,time_exit_159min,159,73409.96683673469,0,57.5,143.0,1.5147695138155428,-0.5635242410820755,1.0,0.40209509024412415
27054,27213,2026-03-16 20:53:00+05:30,2026-03-16 23:32:00+05:30,73850.0,73852.5,73948.5,0.35,0.35,0.875,34.474999999999994,35.349999999999994,True,take_profit_250pips,time_exit_159min,159,73789.89285714286,0,62.5,67.5,0.7501692620176033,-0.13337846987136087,1.0,0.925912208708019
27318,27477,2026-03-17 01:17:00+05:30,2026-03-17 03:56:00+05:30,73994.0,73996.5,74582.5,0.35,0.35,0.875,205.975,206.85,True,take_profit_250pips,time_exit_159min,159,73941.33418367348,0,104.5,118.5,2.0298943157553313,0.2885369083979782,1.0,0.8818490983198454
27739,27898,2026-03-17 08:18:00+05:30,2026-03-17 10:57:00+05:30,75237.0,75239.5,74365.0,0.35,0.35,0.875,-305.2,-304.325,False,take_profit_250pips,time_exit_159min,159,75238.45408163265,0,29.5,85.5,-1.068623150843335,-1.9883833752010316,1.0,0.3450252043835744
28266,28425,2026-03-17 17:05:00+05:30,2026-03-17 19:44:00+05:30,74005.5,74008.0,73691.0,0.35,0.35,0.875,-110.07499999999999,-109.19999999999999,False,take_profit_250pips,time_exit_159min,159,73980.64285714286,0,37.0,146.0,1.1600489152833235,-0.692516096776591,1.0,0.2534229217608098
28440,28599,2026-03-17 19:59:00+05:30,2026-03-17 22:38:00+05:30,73861.0,73863.5,74169.5,0.35,0.35,0.875,107.975,108.85,True,take_profit_250pips,time_exit_159min,159,73840.58418367348,0,84.0,162.0,1.2327209217313604,0.14554365632742586,1.0,0.5185153178066801
28762,28921,2026-03-18 01:21:00+05:30,2026-03-18 04:00:00+05:30,74479.5,74482.0,74303.0,0.35,0.35,0.875,-61.775,-60.9,False,take_profit_250pips,time_exit_159min,159,74445.01530612246,0,42.0,116.0,-0.15440490336267026,-1.3151269812498743,1.0,0.36206584425996324
29279,29438,2026-03-18 09:58:00+05:30,2026-03-18 12:37:00+05:30,74258.5,74261.0,73857.5,0.35,0.35,0.875,-140.35,-139.475,False,take_profit_250pips,time_exit_159min,159,74253.53571428571,0,19.5,40.5,-0.005386588740682884,-0.8079883111024326,1.0,0.48146959334337425
29498,29657,2026-03-18 13:37:00+05:30,2026-03-18 16:16:00+05:30,73969.0,73971.5,73843.5,0.35,0.35,0.875,-43.925,-43.05,False,take_profit_250pips,time_exit_159min,159,73988.57397959183,0,21.0,40.5,0.09666211521042599,-2.534845678595087,1.0,0.5185057159082492
30063,30222,2026-03-18 23:02:00+05:30,2026-03-19 01:41:00+05:30,71364.5,71367.0,70463.5,0.35,0.35,0.875,-315.34999999999997,-314.47499999999997,False,take_profit_250pips,time_exit_159min,159,71357.11224489796,0,46.0,62.0,0.05324776324362954,-1.2632331201087377,1.0,0.7419235173626232
30274,30433,2026-03-19 02:33:00+05:30,2026-03-19 05:12:00+05:30,71266.0,71268.5,71253.5,0.35,0.35,0.875,-4.375,-3.5,False,take_profit_250pips,time_exit_159min,159,71270.04591836735,0,12.5,46.0,0.10523952515926248,-0.564083854853647,1.0,0.27173322319080023
30453,30612,2026-03-19 05:32:00+05:30,2026-03-19 08:11:00+05:30,71166.0,71168.5,71182.5,0.35,0.35,0.875,5.7749999999999995,6.6499999999999995,True,take_profit_250pips,time_exit_159min,159,71171.73724489796,0,41.5,51.0,0.6042211168254503,-0.7587893095017283,1.0,0.8137095351071548
31133,31292,2026-03-19 16:52:00+05:30,2026-03-19 19:31:00+05:30,70176.0,70178.5,69884.5,0.35,0.35,0.875,-102.02499999999999,-101.14999999999999,False,take_profit_250pips,time_exit_159min,159,70198.76785714286,0,39.0,50.0,-0.05557455540355677,-2.0227713178294575,1.0,0.7799844003119938
31299,31458,2026-03-19 19:38:00+05:30,2026-03-19 22:17:00+05:30,69672.5,69675.0,69412.5,0.35,0.35,0.875,-91.0,-90.125,False,take_profit_250pips,time_exit_159min,159,69728.99234693877,0,62.0,107.0,1.2896049373856255,-0.8360543973590728,1.0,0.5794338370669433
31791,31950,2026-03-20 03:50:00+05:30,2026-03-20 06:29:00+05:30,70396.0,70398.5,70167.5,0.35,0.35,0.875,-79.975,-79.1,False,take_profit_250pips,time_exit_159min,159,70390.58928571429,0,39.5,54.5,0.5518779476106597,-0.48369225524177506,1.0,0.7247573439019468
32037,32196,2026-03-20 07:56:00+05:30,2026-03-20 10:35:00+05:30,70168.0,70170.5,70726.5,0.35,0.35,0.875,195.475,196.35,True,take_profit_250pips,time_exit_159min,159,70183.60714285714,0,19.0,61.5,0.9598392429597538,0.0014251510660129973,1.0,0.30893806604770657
32585,32744,2026-03-20 17:04:00+05:30,2026-03-20 19:43:00+05:30,70680.0,69826.5,69826.5,0.35,0.35,-298.72499999999997,-298.72499999999997,-597.4499999999999,False,time_exit_159min,time_exit_159min,159,70683.19897959183,0,23.0,24.0,-0.617572156196944,-1.731041312959819,1.0,0.9582934044414816
32857,33016,2026-03-20 21:36:00+05:30,2026-03-21 00:15:00+05:30,69996.0,69998.5,69705.0,0.35,0.35,0.875,-101.85,-100.975,False,take_profit_250pips,time_exit_159min,159,69971.13265306123,0,63.0,104.0,0.8050460026287216,-0.5071718383907652,1.0,0.6057634061210949
33023,33182,2026-03-21 00:22:00+05:30,2026-03-21 03:01:00+05:30,69826.5,69829.0,70474.5,0.35,0.35,0.875,226.79999999999998,227.67499999999998,True,take_profit_250pips,time_exit_159min,159,69800.3443877551,0,38.0,137.5,1.5230607290928229,0.7454190028141179,1.0,0.27636162646089846
33418,33577,2026-03-21 06:57:00+05:30,2026-03-21 09:36:00+05:30,70605.5,70608.0,70725.5,0.35,0.35,0.875,42.0,42.875,True,take_profit_250pips,time_exit_159min,159,70604.00765306123,0,7.0,19.0,0.28538853205486825,-0.02266112413338904,1.0,0.3684016630703647
33617,33776,2026-03-21 10:16:00+05:30,2026-03-21 12:55:00+05:30,70614.5,70617.0,70831.5,0.35,0.35,0.875,75.94999999999999,76.82499999999999,True,take_profit_250pips,time_exit_159min,159,70621.57908163265,0,7.5,14.5,0.34341388808247597,-0.2124209617005006,1.0,0.5172057099510379
34447,34606,2026-03-22 00:06:00+05:30,2026-03-22 02:45:00+05:30,70448.0,70450.5,70368.0,0.3499999999999999,0.3499999999999999,0.8749999999999998,-27.999999999999993,-27.124999999999993,False,take_profit_250pips,time_exit_159min,159,70428.9719387755,0,23.5,40.0,-0.10362253009311832,-2.2293038837156485,1.0,0.5874853128671783
35073,35232,2026-03-22 10:32:00+05:30,2026-03-22 13:11:00+05:30,69252.0,69254.5,68986.0,0.35,0.35,0.875,-93.1,-92.225,False,take_profit_250pips,time_exit_159min,159,69226.86479591837,0,55.5,60.0,-0.27652630970946684,-1.0541211806157222,1.0,0.9249845835902736
35541,35700,2026-03-22 18:20:00+05:30,2026-03-22 20:59:00+05:30,68577.5,68580.0,68868.5,0.35,0.35,0.875,101.85,102.725,True,take_profit_250pips,time_exit_159min,159,68557.0663265306,0,63.0,120.5,0.44110677700411943,-0.029893186540775035,1.0,0.5228172380312196
35710,35869,2026-03-22 21:09:00+05:30,2026-03-22 23:48:00+05:30,68714.5,68717.0,68685.5,0.35,0.35,0.875,-10.149999999999999,-9.274999999999999,False,take_profit_250pips,time_exit_159min,159,68718.8443877551,0,32.0,51.0,0.006548836126290667,-0.9663171528571117,1.0,0.6274386776729868
36239,36398,2026-03-23 05:58:00+05:30,2026-03-23 08:37:00+05:30,67980.5,67983.0,68458.0,0.35,0.35,0.875,167.125,168.0,True,take_profit_250pips,time_exit_159min,159,67988.6836734694,0,89.5,189.0,1.2863983053964003,0.06325343296974868,1.0,0.4735424680292697
36448,36607,2026-03-23 09:27:00+05:30,2026-03-23 12:06:00+05:30,68037.5,68040.0,68315.5,0.35,0.35,0.875,97.3,98.175,True,take_profit_250pips,time_exit_159min,159,68045.10204081633,0,24.5,33.0,0.9406577255190153,-0.826749954069447,1.0,0.7424017454016546
36683,36842,2026-03-23 13:22:00+05:30,2026-03-23 16:01:00+05:30,68341.0,68343.5,68395.0,0.35,0.35,0.875,18.9,19.775,True,take_profit_250pips,time_exit_159min,159,68334.25765306123,0,43.0,82.5,4.582168829838603,-0.10754890914677864,1.0,0.5212058035660173
37520,37679,2026-03-24 03:19:00+05:30,2026-03-24 05:58:00+05:30,70884.0,70886.5,70678.0,0.35,0.35,0.875,-72.1,-71.225,False,take_profit_250pips,time_exit_159min,159,70880.44642857143,0,14.0,24.5,-0.04302804582134191,-0.8873652728401331,1.0,0.5714052487653565
38017,38176,2026-03-24 11:36:00+05:30,2026-03-24 14:15:00+05:30,70368.0,70370.5,71045.5,0.35,0.35,0.875,237.12499999999997,237.99999999999997,True,take_profit_250pips,time_exit_159min,159,70384.40051020408,0,32.0,66.5,1.3884151887221463,0.6416268758526603,1.0,0.481195771492158
38774,38933,2026-03-25 00:13:00+05:30,2026-03-25 02:52:00+05:30,69502.5,69505.0,69942.0,0.35,0.35,0.875,153.825,154.7,True,take_profit_250pips,time_exit_159min,159,69509.05357142857,0,46.5,88.5,1.8797884968166614,0.5316355526779613,1.0,0.5254177918893571
39251,39410,2026-03-25 08:10:00+05:30,2026-03-25 10:49:00+05:30,70701.5,70704.0,71091.5,0.3499999999999999,0.3499999999999999,0.8749999999999998,136.49999999999997,137.37499999999997,True,take_profit_250pips,time_exit_159min,159,70688.17091836735,0,24.5,32.5,0.7616528645078251,0.22064595517775437,1.0,0.7538229592935602
39518,39677,2026-03-25 12:37:00+05:30,2026-03-25 15:16:00+05:30,71024.5,71027.0,71150.5,0.35,0.35,0.875,44.099999999999994,44.974999999999994,True,take_profit_250pips,time_exit_159min,159,70998.09183673469,0,32.5,70.5,1.3791015776246225,0.057022576716485154,1.0,0.4609863689876739
